iter	RMSE
0	15311.75489
1	12558.69215
2	11393.3301
3	10888.15036
4	10711.15571
5	10644.86094
6	10537.28956
