iter	RMSE
0	14540.89467
1	11435.38945
2	10410.41842
3	9878.532535
4	9517.968047
5	9359.514305
